Aut??nomo,163722,
Aut??nomo,138056,
Nhs,98532,nhs.uk
Walmart,97098,walmart.com
T??rkiye,86253,
Ind??pendant,84601,
School,77495,
Jpmorgan Chase & Co.,72554,jpmorganchase.com
No,72480,
At&T,65297,att.com
Private,64170,
Autonomo,54483,
Per??,53854,
United States,47788,
Lavoratore Autonomo,38872,
Kpmg,37161,kmpg.com
Independent,36102,
Selbst?ñndig,35989,
Abc,35603,
Promobroker Agente De Seguros Y De Fianzas S A De C V,33700,aarco.com.mx
Selbstst?ñndig,33288,
Freelance,32434,Freelancer.com
"Ayatama Energi, Trisco Nusantara",32092,
Casa,31160,casa-india.org
Verbum Traducci??n Y Edici??n,29256,
Confidential,27019,
Govt. Of India,26730,india.gov.in
Kenya,24611,
Free Lance,24186,
Xxx,23446,
Hp,23211,
L'Or??al,22774,
Ikea Group,22628,ikea.com
Libero Professionista,20858,
Nil,20149,
Non,20131,
United States Department Of Defense,20082,
Fresher,20037,
"Bright Futures, A College And Career Management Company",19483,brightfuturesllc.com
M??xico,19051,
Personal,18543,
J.P. Morgan,18431,
Tencent,18115,
Nothing,17924,
Saudi Aramco,17305,
Fedex Express,17256,
Myself,16833,
Samsung,16763,
Amazon Web Services,16572,
American Center Of Krasnodar,16440,
I?çStanbul T??rkiye,16112,
Kfc,15669,
P??le Emploi,15359,
Fedex Ground,15221,
Pekerja Lepas,15063,
United Kingdom,14926,
Verizon,14898,
Fedex,14865,
Xyz,14834,
Autonoma,14713,
Espa??a,14695,
Propia,14657,
Desempregado,14274,
Nepal Telecom,14247,
Inps,14145,
Ninguna1,14096,
Bangladesh,13875,
Miur,13434,
Stay At Home Mom,13045,
College,13021,
R??gion De Paris France,12990,
Studio Legale,12925,
Any Company,12912,
Lavoratore Indipendente,12754,
Army,12745,
Aaa,12322,
My Own,12123,
The Salvation Army,12027,
Hong Kong,11969,
U.S Army,11823,
Bluesky Agency,11544,
Senegal,11313,
Me,11170,
Ge,11131,
University,10869,
Ex??rcito Brasileiro,10822,
Ghana,10672,
Ministry Of Health,10538,
Estado,10407,
United States Army Reserve,10305,
Bosch,10227,
Adecco,10175,
Independent Consultant,10166,
Greece,10122,
Indite Technologies,10008,
Rite Aid,9933,
Olive Garden,9930,
Mindtree,9853,
Allianz,9817,
Ministerio De Educaci??n Del Per?? - Minedu,9766,
Xx,9551,
Db Schenker,9487,
Hm Forces,9451,
Homemaker,9372,
British Army,9257,
Sutherland Global Services,9255,
Employed,9217,
Desempregada,9069,
Unknown,9021,
Coldwell Banker Residential Brokerage,8888,
Ymca,8833,
Uruguay,8813,
Free,8738,
"""Cecaci"" Centro De Capacitacion Comercial E Industrial",8731,
Ankara T??rkiye,8648,
Bbva,8537,
Comcast,8491,
Us Army Corps Of Engineers,8416,
At Home,8389,
Deloitte Consulting,8369,
Gap,8364,
Tj Maxx,8339,
Home Office,8330,
Serbest ?çal???ƒan,8298,
